role,name
Executive Producer,Frank Pearce
Art Director,Chris Robinson
Creative Director,Chris Metzen
Game Director,Jeffrey Kaplan
Lead Designer,Tom Chilton
Technical Director,Mike Elliott
Production Director,J. Allen Brack
Lead Animator,Steve Aguilar
Lead City/Dungeon Artist,Wendy Vetter
Lead Environment Artist,Gary Platner
Lead Prop Artist,Jason Morris 
Lead Technical Artist,Thomas Blue
Lead Level Designer,Cory Stockton
Lead World Designer,Alex Afrasiabi
Lead Systems Designer,Greg Street
Lead Exterior Artist,Ely Cannon
Lead Encounter Designer,Scott Mercer
Lead World Event Designer,Dave Maldonado
Lead Engine Programmer,Patrick Doane
Lead Server Programmer,Bryan Gibson-Winge
Lead Tools Programmer,Monte Krol
Lead UI Programmer,Tom Thompson
Special Effects Artist,Slim Ghariani
Technical Artist,Brett Dixon
Technical Writer,Theresa Wolf
Technical Director Emeritus ,John Cash
Mad Scientist,Joe Rumsey
Director,Russell Brower
Lead Sound Designer,Brian David Farr
Audio Producer,Keith Landes
Producers,Dennis Crabtree
Producers,Jay Maguire
Producers,Thomas Pieracci
Sound Design,Jonas Laster
Sound Design,Joseph Lawrence
Additional Sound Editing,Jon Graves
Music ,Russell Brower
Music ,Derek Duke
Music ,Glenn Stafford
Voice Direction,Micky Neilson
Field and Foley SFX Recording,Joseph Lawrence
Live Sessions and Orchestrations produced by,Edo Guidotti
Main Titles Orchestration by,Jason Poss
Main Titles Orchestration by,Russell Brower
Main Titles Music Preparation provided by,RPM Seattle Music Preparation
Main Titles Music Preparation provided by,Danita Ng-Poss and Jason Poss
Guest Musicians,Pedro Eustache – Flutes and Duduk
Guest Musicians,Laurence Juber – Guitars
Guest Musicians,Cajsa Ekstav – Nychelharpa
Guest Musicians,Eric Rigler – Uilleann Pipes and Scottish Flute
Cinematic Intro Sound Designers,Paul Menichini
Cinematic Intro Sound Designers,David Farmer (EAD)
Cinematic Intro Music,Neal Acree
Cinematic Intro and Main Title Music ,Recorded by the Northwest Sinfonia and Chorus
Cinematic Intro and Main Title Music ,Contracted by Simon James and David Sabee
Cinematic Intro Audio Mixer,Tom Brewer (Sound Cove)
Director/Writer,Jeff Chamberlain
Senior Director of Cinematics ,Matt Samia
Creative Director,Nick Carpenter
Lead Producer,Scott Abeyta
Producers,Phillip Hillenbrand
Producers,Angela Blake
Editor,Matthew Mead
Supervisors,James McCoy
Supervisors,Jon Lanz
Supervisors,Arthur Jeppe
Supervisors,Mike Kelleher
Supervisors,Fausto De Martini
Supervisors,Jonathan Berube
Supervisors,Jared Keller
Supervisors,Steeg Haskell
Leads,Aaron Chan
Leads,Sheng Jin
Artists,Sal Arditti
Artists,Jason Barlow
Artists,Barry Berman
Artists,Anwar Bey-Taylor
Artists,Ricardo Biriba
Artists,Alvaro Buendia
Artists,Scott Campbell
Artists,Aaron Chan
Artists,Hosuk Chang
Artists,Steven Chen
Artists,Shimon Cohen
Artists,James Crowson
Artists,Sofia Vale Cruz
Artists,Graham Cunningham
Artists,Ben Dai
Artists,Zaza Essa
Artists,Hunter Grant
Artists,Jeremy Gritton
Artists,Michael Hardison
Artists,Jason Hill
Artists,Brian Huong
Artists,Steve Hui
Artists,Tyler Hunter
Artists,Sheng Jin
Artists,Jeramiah Johnson
Artists,Chung Kan
Artists,Bernie Kang
Artists,Jeffrey Kember
Artists,Ren Kikuchi
Artists,Ronny Kim
Artists,Yonghyun (Eddie) Kim
Artists,Jae Kim
Artists,Brian LaFrance
Artists,Mark Lai
Artists,Oliver Lam
Artists,Moonsung Lee
Artists,Yeon-Ho Lee
Artists,Dyllan Lu
Artists,David Luong
Artists,Matthew Mead
Artists,Marc Messenger
Artists,Alex Murtaza
Artists,Sada Namiki
Artists,Jeremy Nelligan
Artists,Tuan Ngo
Artists,Jae Wook Park
Artists,Corey Pelton
Artists,Zachary Podratz
Artists,Reo Prendergast
Artists,Dennis Price
Artists,Dominic Qwek
Artists,Glenn Ramos
Artists,Jarett Riva
Artists,David Savvy
Artists,Billy Shih
Artists,Kazuhito Shimada
Artists,Taylor Smith
Artists,Peter Starostin
Artists,Geordie Swainbank
Artists,Peter Swigut
Artists,Seth Thompson
Artists,Chris Thunig
Artists,Graven Tung
Artists,Mathias Verhasselt
Artists,Xin Wang
Artists,Kenson Yu
Technical Artists,Ben Barker
Technical Artists,Michael Beal
Technical Artists,Leonard Chang
Technical Artists,Chris Evans
Technical Artists,Joe Frayne
Technical Artists,Jim Jiang
Technical Artists,David Keegan
Technical Artists,Scott Lange
Technical Artists,Hung Le
Technical Artists,Dyllan Lu
Technical Artists,Wei Qiao
Technical Artists,Chris Rock
Technical Artists,Peter Shinners
Technical Artists,Nelson Wang
Technical Artists,Huong Grey
Studio Technical Engineers,Mike Kramer
Studio Technical Engineers,Ramon Rodriguez
Studio Technical Engineers,Sean Laverty
Production Team,Bejan Fozdar (Modeling)
Production Team,Janet Garcia
Production Team,Kim Horn (Animation)
Production Team,Bryan Langford (Tech
Production Team,Animation) Steve McIlwain (Finishing)
Production Team,Noel Wolfman (Dev) 
Additional Production,Taka Yasuda
Interns,Drew Dobernecker
Interns,Chay Johansson
Interns,Joseph Magdalena
Manager,Shawn Carnes
Art Director,Glenn Rane
Artists,Mark Gibbons
Artists,Peter C. Lee
Artists,Wei Wang
Producers,Ben Brode
Producers,Stuart Massie
Producers,Justin Parker
Producers,Gloria Soto
Producers,Sean Wang
Historians,Sean Copeland
Historians,Evelyn Fredericksen
Librarian,Steven Park
Curator,Tim Campbell
Additional Writing,Tim Daniels
Manager,Joeyray Hall
Associate Producer,Jennifer Owings
Editor Staff,Terran Gregory
Editor Staff,Tristan Pope
Art Staff,David Durand
Art Staff,Joanna Cleland-Jolly
Production Assistants,Brandan Vanderpool
Production Assistants,Larissa Bussell
Director,Michael Gilmartin
Producers,Shane Cargilo
Producers,Paul Sardis
Programmers,Evan Calder
Programmers,Ian Combs
Programmers,Josh Hilborn
Programmers,Marius Jivan
Programmers,Juno Kwak
Programmers,Robert Martin
Programmers,Michael Murphy
Programmers,Daniel Weltz
Programmers,Elaine Fu Yang
Team Lead,Brian Fitzgerald
Senior Producer,Melissa Meyer
Producer,Dennis Crow
Producer,Brian Wright
Programmers,Jay Baxter
Programmers,Andrew Bellinger
Programmers,Donald Grey
Programmers,Huong Grey
Programmers,Nate Gross
Programmers,Michael Hershberg
Programmers,Aaron Hesse
Programmers,Isaac Jeon
Programmers,Youngsik Lee
Programmers,Robert Lin
Programmers,Terence Lindsey
Programmers,JC Park
Programmers,Stephen Whiting
Programmers,R. Blaine Whittle
Programmers,John Yaney
Programmers,Casey Yelland
Artist,Ryan A. Pearson
Regional QA Managers,Frederic Baudet (EU)
Regional QA Managers,Jong Hyuk Lee (KR)
Regional QA Managers,Mark Moser
Regional QA Managers,Yvonne Yu Hong Shi (CN)
Regional Assistant QA Managers,Kelly Chun
Regional Assistant QA Managers,Ivo Garcia (ES)
Regional Assistant QA Managers,Marc Ho (FR)
Regional Assistant QA Managers,Edward Kang
Regional Assistant QA Managers,Jonathan Mankin
Regional Assistant QA Managers,Nicholas Pisani
Regional Assistant QA Managers,Shawn Su
Regional Assistant QA Managers,Sean McCrea
Regional QA Leads,Alexander Ipfelkofer (DE)
Regional QA Leads,Alexander Lyubov (RU)
Lead QA Analyst,Paul Carver
Assistant Lead QA Analysts,Edgar Flores
Assistant Lead QA Analysts,Kurtis Paddock
Assistant Lead QA Analysts,Rian Trost
QA Content Specialists,Justin Boehm
QA Content Specialists,Michael Corpora
QA Content Specialists,Meghan Dawson
QA Content Specialists,Benjamin Elgueta
QA Content Specialists,Dan Kramer
QA Content Specialists,Paul Kubit
QA Content Specialists,Serban Oprescu
QA Content Specialists,Art Peshkov
QA Content Specialists,Bob Richardson
QA Content Specialists,Candace Thomas
QA Analysts,Don Adams
QA Analysts,Scott Army
QA Analysts,Matthew Barrett
QA Analysts,Shawn Benson
QA Analysts,Nick Betteker
QA Analysts,Zach Bogatz
QA Analysts,Robert Boxeth
QA Analysts,Brent Brewington
QA Analysts,Markus Burks
QA Analysts,Zach Callanan
QA Analysts,Dimitri Del Castillo
QA Analysts,Colton Carmine
QA Analysts,Kevin Carter
QA Analysts,Jack Chen
QA Analysts,Joni Cheng
QA Analysts,Joel Clift
QA Analysts,Bret Cocking
QA Analysts,Peter Cormack
QA Analysts,Tim Daniels
QA Analysts,Andrew Dank
QA Analysts,Kyle Dates
QA Analysts,Christopher Davila
QA Analysts,Whitney Day
QA Analysts,Chris De La Pena
QA Analysts,Andrew De Sousa
QA Analysts,Lynn DeVries
QA Analysts,Drew Dobernecker
QA Analysts,Justin Dye
QA Analysts,Foster M. Elmendorf
QA Analysts,Garrett Elmendorf
QA Analysts,Felix Embree
QA Analysts,Victor Esquivias
QA Analysts,Francis Fandino
QA Analysts,Daniel Favela
QA Analysts,Tim Feldman
QA Analysts,Duncan Field
QA Analysts,
QA Analysts,Mei Dean Francis
QA Analysts,Casey Fulton
QA Analysts,Scott Gordon
QA Analysts,Jonathan Graves
QA Analysts,Ed Hanley
QA Analysts,Zaven Haroutunian
QA Analysts,Jeff Hicks
QA Analysts,Jason W. Hill
QA Analysts,Nicholas Hill
QA Analysts,Timothy Ismay
QA Analysts,Brandon Jacobson
QA Analysts,Xing Jin
QA Analysts,Mark Kamimoto
QA Analysts,Scott Keenan
QA Analysts,David Kerwin
QA Analysts,Lawrence King
QA Analysts,Aron Kirkpatrick
QA Analysts,Justin Klinchuch
QA Analysts,Charles Knief
QA Analysts,Neal Kochhar
QA Analysts,Nathan LaMusga
QA Analysts,Robert Laws
QA Analysts,Ben LeBar
QA Analysts,Brian Lee
QA Analysts,Han Lee
QA Analysts,Benjamin Lilley
QA Analysts,Asher Litwin
QA Analysts,Michael V. Liu
QA Analysts,Nicholas Louie
QA Analysts,Mitch Lowery
QA Analysts,John Lynch
QA Analysts,Joe Magdalena
QA Analysts,Jeff Manners
QA Analysts,Roman Voce Marotte
QA Analysts,Sean Masterson
QA Analysts,Chris McLeroy
QA Analysts,Christopher John Mountain
QA Analysts,Jeremy Nelson
QA Analysts,Danny H. Nguyen
QA Analysts,Tina T. Nguyen
QA Analysts,David Ortiz
QA Analysts,Alfredo Padron
QA Analysts,Matt M. Patterson
QA Analysts,Max Peters
QA Analysts,Amadeus Phanthanh
QA Analysts,Brian Pierron
QA Analysts,Robert Pionke
QA Analysts,Daniel Polcari
QA Analysts,Jennifer Powell
QA Analysts,Michael Powell
QA Analysts,Eric Prescott
QA Analysts,Derek Rakos
QA Analysts,Joseph Ransom
QA Analysts,Dustin Remmel
QA Analysts,Anthony Reyes
QA Analysts,Brad Rhodes
QA Analysts,Jared Ritter
QA Analysts,Rob Rivera
QA Analysts,Cynthia Robbiola
QA Analysts,Andrew Rowe
QA Analysts,Jacob Rodriguez
QA Analysts,Andreas Rounds
QA Analysts,Andrew Russell
QA Analysts,Joseph Ryan
QA Analysts,Gilbert Samuelian
QA Analysts,David Sanchez
QA Analysts,Michael Sassone
QA Analysts,Michael Schwan Jr.
QA Analysts,Nate Shapiro
QA Analysts,Matthew S. Sherman
QA Analysts,Matthew D. Sherman
QA Analysts,Angela Shih
QA Analysts,John Shin
QA Analysts,Jeffrey Shyy
QA Analysts,Shaun Smiley
QA Analysts,Anthony Sierra
QA Analysts,James Southall
QA Analysts,Rick Spears
QA Analysts,Nicholas Stallings
QA Analysts,Brandy Stiles
QA Analysts,Steven Swickard
QA Analysts,Graig Taylor
QA Analysts,Eric Thibeau
QA Analysts,Stephen Thomas
QA Analysts,Max Thompson
QA Analysts,Jonathan Throop
QA Analysts,Enrico Tolentino
QA Analysts,Dustin Trimble
QA Analysts,Rodney Tsing
QA Analysts,Tom Twedell
QA Analysts,Charles Valek
QA Analysts,Lewis Villamar
QA Analysts,Don Vu
QA Analysts,Kevin G. Wang
QA Analysts,Clint Walls
QA Analysts,Valerie Watrous
QA Analysts,Kevin Weaver
QA Analysts,Kyle Webb
QA Analysts,Taylor Westfall
QA Analysts,Jordan Womack
QA Analysts,Ronny Yoon
Manager,John Herndon
Team Leads,Rie Arai
Team Leads,Michael C. Chen
Team Leads,Matt Coburn
Team Leads,Clayton Dubin
Team Leads,Jason Messinger
Team Leads,Ian S. Nelson
Team Leads,Arec Nevers
Team Leads,Jason Weng
Assistant Team Leads,Jonathan Mason
Assistant Team Leads,Lorenzo Minaca
Analysts,Todd Attaway
Analysts,Trent Cline
Analysts,Josh Hilborn
Analysts,Alicia Kim
Analysts,James Leaman
Analysts,Daniel Luo
Analysts,Shaina Ludwin
Analysts,Jonathan Mason
Analysts,Lorenzo Minaca
Analysts,Albert Portillo
Analysts,Tom Ryan
Analysts,William E. Smith IV
Assistant Manager,Ted Louie
Team Leads,Jason Kwan
Team Leads,Hector Melendres
Analysts,Zachary Chow
Analysts,Joslyn Field
Analysts,Ray Laubach
Analysts,Matthew Panepinto
Analysts,William Roseman
Analysts,Benj Sykes
Analysts,Eric Szymaszek
Analysts,Renato Yoon 
Mastering Technician,Ray Laubach
Global Manager,Richard Mark Honeywood
Producers,Joseph Hsu
Producers,Andrew Vestal
Regional Managers,Frederic Baudet (EU)
Regional Managers,Joonho Lee (KR)
Regional Managers,Jeffery Qixun Tang (CN)
Regional Assistant Localization Managers,Tristan Lhomme (FR)
Regional Assistant Localization Managers,In&#233;s Rubio (ES)
Regional Localization Leads,Alexander Ipfelkofer (DE)
Regional Localization Leads,Alexander Lyubov (RU)
Regional Localization Leads,Julie Song (KR)
Regional Localization Engineers,Alexander B&#246;ning (DE)
Regional Localization Engineers,Christelle Bravin (FR)
Regional Localization Engineers,Irene Buesa (ES)
Regional Localization Engineers,Bruno Cailloux (FR)
Regional Localization Engineers,Wonyoung Choi (KR)
Regional Localization Engineers,Anne-Sophie Denglos (FR)
Regional Localization Engineers,Sebastian Ewald (DE)
Regional Localization Engineers,Concepción González (ES)
Regional Localization Engineers,Shinyong Ha (KR)
Regional Localization Engineers,Maria Kokova (RU)
Regional Localization Engineers,Ievgen Makarevych (RU)
Regional Localization Engineers,Maxim Mizin (RU)
Regional Localization Engineers,Elisa Orellana Huhn (ES)
Regional Localization Engineers,Carmen Priego (ES)
Regional Localization Engineers,Katja Raaf (DE)
Regional Localization Engineers,Alexis Roy-Petit (FR)
Regional Localization Engineers,Leticia S&#225;enz (ES)
Regional Localization Engineers,Stefan Schmitt (DE)
Regional Localization Engineers,Maria Shurukhina (RU)
Regional Localization Engineers,Anne Studer (FR)
Regional Localization Engineers,Andrea T&#252;ger (DE)
Regional Localization Engineers,Anne V&#233;tillard (FR)
Regional Localization Engineers,Gayeong Yoo (KR)
Regional Localization Test Leads,Christian Decomain 
Regional Localization Test Leads,Ikhyun Kim (KR)
Regional Localization Test Leads,Jin Kim (KR)
Regional Localization Analysts,Hyunyoung Ahn
Regional Localization Analysts,Cosme Alc&#225;zar (ES)
Regional Localization Analysts,Carlos God&#243; Borr&#225;s (ES)
Regional Localization Analysts,Nikolay Bytskevich (RU)
Regional Localization Analysts,Thomas Chabrier (FR)
Regional Localization Analysts,Ben Choi (KR)
Regional Localization Analysts,James Siqi Cui (CN)
Regional Localization Analysts,Victor I. Dobrovatov (RU)
Regional Localization Analysts,Ricardo Duran (ES)
Regional Localization Analysts,Gilles Durosay (FR)
Regional Localization Analysts,Arthur Flew (FR)
Regional Localization Analysts,Thomas Fl&#246;ter (DE)
Regional Localization Analysts,Shon-Ting Fu (CN)
Regional Localization Analysts,L&#230;titia Georges (FR)
Regional Localization Analysts,Sara Gissot (FR)
Regional Localization Analysts,Jimmie Jaimes (ES)
Regional Localization Analysts,Sanghak Jeon (KR)
Regional Localization Analysts,Jung Hwan Kim (KR)
Regional Localization Analysts,Mike Euiseung Kim (KR)
Regional Localization Analysts,Anton Kochergin( RU)
Regional Localization Analysts,Eunae Kong (KR)
Regional Localization Analysts,Byungwoo Kwon (KR)
Regional Localization Analysts,Andrey Kuzmin (RU)
Regional Localization Analysts,Minjin Lee (KR)
Regional Localization Analysts,Pablo Lloreda (ES)
Regional Localization Analysts,Rub&#233;n L&#243;pez (ES)
Regional Localization Analysts,Jaewoo Mo (KR)
Regional Localization Analysts,Kai Moosmann (DE)
Regional Localization Analysts,Elena Ovchinnikova (RU)
Regional Localization Analysts,Anna Parera Bohigas (ES)
Regional Localization Analysts,Heeyoung Park (KR)
Regional Localization Analysts,Kenneth Pin&#243; (ES)
Regional Localization Analysts,Michael Radnitz (DE)
Regional Localization Analysts,Benjamin Schmidt (FR)
Regional Localization Analysts,Peter Schneider (DE)
Regional Localization Analysts,Pablo Mart&#237;n Siota (DE)
Regional Localization Analysts,Daniil Sokolov (RU)
Regional Localization Analysts,Fr&#233;d&#233;ric Vasseur (FR)
Regional Localization Analysts,Dean Yang (CN)
Vice President of Online Technologies,Robert Bridenbecker
Senior Producer,Jason Leu
Producers,Bryan Chang
Producers,Justin Goad
Producers,Matthew Hawley
Producers,Kim Phan
Battle.net Lead ,Matthew Versluys
Battle.net Programmers,Micah Caldwell
Battle.net Programmers,Bryan Cleveland
Battle.net Programmers,Anne-Sophie Lefebvre
Battle.net Programmers,Jeff Mears
Battle.net Programmers,Stefan Mohler
Battle.net Programmers,Brian Morin
Battle.net Programmers,Ryan Mills
Battle.net Programmers,Nicholas Rivera
Battle.net Programmers,Andrew Spiering
Battle.net Programmers,Hanlong Wang
Battle.net Research Manager,Greg Ashe
Battle.net Research Analysts,Matthew Adams
Battle.net Research Analysts,David Carey
Battle.net Research Analysts,James Chao
Battle.net Research Analysts,Norman Harms
Battle.net Research Analysts,Clint Rice
Battle.net Research Analysts,Matt Wheeler
Battle.net Research Analysts,Micah L Wilson
Web Team Leads,Mike Hein
Web Team Leads,Ali Vatani 
Web Team,Cord Bartlett
Web Team,Todd Blank
Web Team,Qi Ming Chen
Web Team,Jeremy Craig
Web Team,Sarah Doebler
Web Team,Randal Dumoret
Web Team,David Eckel
Web Team,Geoff Fraizer
Web Team,Vincent Francoeur
Web Team,Victor Gonzalez Jr
Web Team,Dohyeong Kim
Web Team,Edward Lee
Web Team,Martin Leidenfrost
Web Team,Jeff Liu
Web Team,Steve McGarrity
Web Team,Chris Myles
Web Team,Joonho Park
Web Team,Bryan Rathman
Web Team,Keith Rhee
Web Team,Jaime Scheffler
Web Team,Alexander Sun
Web Team,Andy Tran
Billing Software Engineers,Chulwoong Choi
Billing Software Engineers,Frederick Dayhee Lee
Support Tools Lead ,Stephen Nees
Support Tools Programmers,Brian Choi
Support Tools Programmers,Neil Chopra
Support Tools Programmers,Ryan Karg
Support Tools Programmers,Kenneth Lim
Support Tools Programmers,Mark Muncy
Support Tools Programmers,Mark Nelson
Support Tools Programmers,David Nguyen
Support Tools Programmers,Teddy Pao
Support Tools Programmers,Sasha Sydoruk
Mobile Team,Steven Gabriel
Mobile Team,Tony Shih
Mobile Team,Zac Pfaff
Online Services Manager,Christina McCombie
Producer,Rainer Mayer
Software Team Lead,Mathieu Chauvin
Programmers,Anselmo Talotta
Programmers,David Odiot
Programmers,Fanny Hermant
Programmers,Guillaume Chaput
Programmers,Laurent Bourcier
Programmers,Philippe Peeters
Web Design Team Lead,Bao Tran
Web Design Team,Christopher Deutsch
Web Design Team,Fabrice Piel
Web Design Team,Ian Roberts
Web Design Team,Prune Moldawan
Web Design Team,Ren&#233; Koiter
Web Design Team,S&#246;ren Geier
Web Editorial Team Leads,Pierre Rosenthal
Web Editorial Team Leads,Yann Pallatier
Web Editorial Team,Avril Cater
Web Editorial Team,Cristina Mart&#237;nez Jim&#233;nez
Web Editorial Team,Eddy B&#233;chu
Web Editorial Team,Edna Weissflog
Web Editorial Team,Elina Bytskevich
Web Editorial Team,Francisco Bola&#241;os Santana
Web Editorial Team,Irina Kneller
Web Editorial Team,Kelly Lopez
Web Editorial Team,Philip Saloga
Web Editorial Team,Romain Dijoux
Director,Jungho Kwon
Project Manager,Jiwoong Kim
Web Design Team Manager,Hyojin Bae
Web Design Team,Woonchang Beck
Web Design Team,Hyunsuk Cheong
Web Design Team,Seonghak Jung
Web Design Team,Ayoung Kim
Web Design Team,Joowan Kim
Web Design Team,Sangwook Kim
Web Design Team,Seyong (Simon) Lee
Web Design Team,Ockkyoung Leem
Web Design Team,Juyoung Oh
Web Design Team,Minhyouk Pack
Web Design Team,Minseok Seo
Web Lead,Seungki Choi
Web Programmers,Jisook Baek
Web Programmers,Gisang Gil
Web Programmers,Kwangbum Ha
Web Programmers,Ajin Kim
Support Tools Lead ,Sangyong Park
Support Tools Programmer,Jihoon Cho
Senior Global Director ,Isaac Matarasso
Global Director,Robert Van Dusen 
Director,Jean-Michel Courivaud
Director,Changuk Park
Global IT Managers,Weonseok Choi
Global IT Managers,Chris Fajardo
Global IT Managers,Chris Glover
Global IT Managers,Dustin Koupal
Global IT Managers,Kangho Lee
Global IT Managers,Julien Mariani
Global IT Managers,Hung Nguyen
Global IT Managers,Yong Yoon
Information Technology,Armando Abanilla
Information Technology,Carol Alvarez
Information Technology,Chris Antenesse
Information Technology,David Ashman
Information Technology,Jason Avakian
Information Technology,Jorge Baranda
Information Technology,Andrew Barcinski
Information Technology,Karin Baxter
Information Technology,Charlie Berman
Information Technology,Jeffrey Berube
Information Technology,Jonathan Berube
Information Technology,Travis Biegun
Information Technology,Ahren Boulanger
Information Technology,Forrest Bowling
Information Technology,Gandalf Brahm
Information Technology,Carl Brumm
Information Technology,Edward Bui
Information Technology,Robert Bustamante
Information Technology,Mike Bybee
Information Technology,Matt Carcel
Information Technology,Michael Caron
Information Technology,Joshua Caskey
Information Technology,Curtis Castrapel
Information Technology,Michael Chizewski
Information Technology,Hyungsuk Choi
Information Technology,Joseph Cochran
Information Technology,Alexander Daurskikh
Information Technology,Ryan Dean
Information Technology,Nicholas Downs
Information Technology,Maciej Drobny
Information Technology,Matthew Eagleson
Information Technology,In&#233;s Eberhard
Information Technology,Amanda Evans
Information Technology,Stanley Fu
Information Technology,Arnold Fulmer
Information Technology,Nicolas Goulard
Information Technology,Ryan Gunst
Information Technology,Edward Harborne
Information Technology,Brian Hartsell
Information Technology,Scott Harrison
Information Technology,Dwight Harvey
Information Technology,Lutz Haunstein
Information Technology,Thomas L. Hicks
Information Technology,Brian Hill
Information Technology,Joseph Holley
Information Technology,Gichang Hong
Information Technology,Jonathan Hosmer
Information Technology,Andrew Hunt
Information Technology,Thomas Jauneault
Information Technology,Matthew Jordan
Information Technology,Mourad Kaci
Information Technology,Yan Kahl&#233;
Information Technology,Taehee Kang
Information Technology,Rick Kennedy
Information Technology,Richie Kharrat
Information Technology,JungHoon Kim
Information Technology,Minhong Kim
Information Technology,Yoongjun Kim
Information Technology,Jaemin Ko
Information Technology,Sean Laverty
Information Technology,Changkoo Lee
Information Technology,Jay Lee
Information Technology,Sebastien Leterrier
Information Technology,Dale Lewis
Information Technology,Corey Louie
Information Technology,Randy Lovin
Information Technology,Bryan Ludwig
Information Technology,Adrian Luff
Information Technology,Matthew McEligot
Information Technology,Zak Meekins
Information Technology,Robert Meyer Jr.
Information Technology,Mike Moneymaker
Information Technology,Tamra Morgan
Information Technology,Michael Mulen
Information Technology,Brian Murillo
Information Technology,Olam Ng
Information Technology,Danny Nguyen
Information Technology,Dat Nguyen
Information Technology,Thi Nguyen
Information Technology,Nicolas Noble
Information Technology,Fran&#231;ois No&#235;l
Information Technology,Ben Orchard
Information Technology,Mike Pearce
Information Technology,Robert Perugini
Information Technology,Christopher Peters
Information Technology,Brice Petibas
Information Technology,Fabien Poussin
Information Technology,Shay Pressler
Information Technology,Gary Reeb
Information Technology,John Robertson
Information Technology,Paulo Santos
Information Technology,Daniel Scauzillo
Information Technology,Michael Schaefer
Information Technology,Henrik Sch&#246;pel
Information Technology,Edward Silveira
Information Technology,Mathew Smiley
Information Technology,Duffy Squier
Information Technology,Thierry Sudan
Information Technology,Anthony Suh
Information Technology,Casey Suyeto
Information Technology,Alex Tan
Information Technology,Eric Thedaker
Information Technology,Stefan Thompson
Information Technology,Hugh Todd
Information Technology,Christopher Towne
Information Technology,Bill Tubbs
Information Technology,Tim Vo
Information Technology,Stefan Ward
Information Technology,David Wareham
Information Technology,Maximilian Weber
Information Technology,Anthony Williams
Information Technology,Ty Williams
Information Technology,Albert Wong
Information Technology,Jaime Wood
Information Technology,James Yen
Information Technology,Yunhwan Ahn
Information Technology,Ryan Zapanta
Information Technology,Vanness Zhou
Purchasing,Michele Arko
Purchasing,Anant Singh
OPERATIONS,Guillaume Bloch (EU)
OPERATIONS,Jon Dvorak
OPERATIONS,Emy Hetherington (EU)
OPERATIONS,Denise Hicks
OPERATIONS,Dagmara Lebiedzinska (EU)
OPERATIONS,Lara Machado (EU) Brianne Messina
OPERATIONS,Mark Nash (EU)
OPERATIONS,Anita Rice
OPERATIONS,Jean-Pierre Poulain (EU)
OPERATIONS,Inma Utrilla (EU)
OPERATIONS,Ann Ta
OPERATIONS,Constance Wang
Facilities Manager,Henry Szekely
Facilities,Timothy Hardy
Facilities,Samuel Schrimsher
Facilities,Brandon Shephard
Facilities,Steve Stafford
"Management Team, Europe",Anne B&#233;rard
"Management Team, Europe",Julia Gastaldi
"Management Team, Europe",Delphine Le Corre
"Management Team, Europe",Fr&#233;deric Menou
"Management Team, Europe",Jean-Michel Courivaud
"Management Team, Europe",Benoit Dufour
"Management Team, Europe",C&#233;dric Mar&#233;chal
"Management Team, Europe",Mich&#232;le B&#233;rot
"Management Team, Europe",Anne-Sophie Buiret
"Managing Director, Korea",Jungwon Hahn
"Managing Director, Greater China",Michael Fong
"Managing Director, Taiwan",Wayne Lee
Senior Vice President of Global Marketing,Neal Hubbard
Global Marketing,John Heinecke
Global Marketing,Tomas Melian
Regional Marketing,Anne Berard 
Regional Marketing,Kevin Carter
Regional Marketing,Eric Chauveau
Regional Marketing,Mark Clements 
Regional Marketing,Chris Davey
Regional Marketing,Qimin Ding 
Regional Marketing,Seungkyu Han
Regional Marketing,Marc Hutcheson
Regional Marketing,Ben Hsieh
Regional Marketing,Donghyun Kim
Regional Marketing,Richard Kwon
Regional Marketing,Michael Lawrence
Regional Marketing,Patrick Lee
Regional Marketing,C&#233;dric Mar&#233;chal
Regional Marketing,Kyungin Min
Regional Marketing,Eric Modolin
Regional Marketing,Jinho Oh
Regional Marketing,Byungho Park 
Regional Marketing,Stephane Perroud 
Regional Marketing,Amanda Wang 
Regional Marketing,Maggie Xiao
Regional Marketing,Chris Zhu
Regional Marketing,Robin Zhu
Marketing Creative Services,Dave Amason
Marketing Creative Services,Mike Bannon
Marketing Creative Services,Zachary Hubert
Marketing Creative Services,Erik Jensen
Marketing Creative Services,Steve Parker
Marketing Creative Services,Anthony Rietta
Marketing Creative Services,Mark Sison
Marketing Creative Services,Brett Wooldridge
Marketing Creative Services,Caroline Wu
Vice President of Global Public Relations,Lisa Jensen
Director of Communication and Community,Julia Gastaldi (EU)
Director of Communication and Community,Youngmok Park (KR)
Managers,Guy Cunis (EU)
Managers,Shon Damron
Managers,Christy “Mina” Um (KR)
Managers,Carrie Zhang (CN)
"Public Relations and Community Manager of Taiwan, Hong Kong and Macau",Chi Liu
Public Relations ,Bob Colayco
Public Relations ,Kacy Dishon
Public Relations ,Eunyoung “Jessie” Kim (KR)
Public Relations ,Seongjung Kim (KR)
Public Relations ,Ben Schroder (EU)
Public Relations ,Christian Vest&#248;l (EU)
Public Relations ,Vale Yu (CN)
Senior Editorial Manager,Gil Shif 
Editorial Assistant,Gareth Hughes 
"Senior Manager, Global Community and eSPORTS",Paul Della Bitta
eSports Manager,Joong Kim
eSports Manager,Ken Lau (CN)
eSports,Joshua Owyang
eSports,Stephen Chang
Community Manager,Daniel Chin
Community Manager,Ramon Hermann (EU)
Community Manager,Jerry Wang (CN)
Community Manager,Jerome Wu (CN)
Community Manager,Hyejin Yum (KR)
Community,Santiago Baranda
Community,Jonathan Brown
Community,Andre Buchmann (EU)
Community,Marie Cabot (EU)
Community,Christopher Carter (EU)
Community,Nicolas Guion (EU)
Community,Andrew Hsu
Community,Jos&#233; Ignacio de Andr&#233;s (EU)
Community,Jongwon Lee (KR)
Community,Tobias Jahn (EU)
Community,Thomas Johnsen (EU)
Community,Chad Jones
Community,Sunna Kim (KR)
Community,Liam Knapp
Community,Jinkyu Ko (KR)
Community,Nicole Lorenz (EU)
Community,Antonio Moreno (EU)
Community,Benedikt Oehmen (EU)
Community,Marc S. Olbertz (EU)
Community,Yooseok Pan (KR)
Community,Byunghun Park (KR)
Community,Jean-Baptiste Pennes (EU)
Community,Jesse Perez
Community,Arron Rasmussen
Community,Alejandro Riveiro de la Pe&#241;a (EU)
Community,Kester Robison
Community,Jessica Schleder (EU)
Community,Bo Selmer-Hansen (EU)
Community,Danielle Vanderlip
Community,Micah Whipple
Community,Jino Yoo (KR)
Community,Seunggook Yang (KR)
Community,Kevin Yu
Community,Kenny Zigler
EVENTS,Elisha Cabrera
EVENTS,Elodie Dupuis (EU)
EVENTS,Laura Grant
EVENTS,Pauline Hammelet (EU)
Global Director,Cory Jones
Licensing,Gina Pippin
Licensing,Patrick Dillon
Licensing,Jason Bischoff
Licensing,Ben George
Licensing,Elizabeth Cho
Business Development,Steven Price
Business Development,Sarah Tucker
Business Development,Marc Dion
Business Development,Paul Dowling
Business Development,Audrey Vicenzi (EU)
Vice President of Global Human Resources,Denise Dunlap
Human Resources,Val&#233;rie Chr&#233;tien (EU)
Human Resources,Julianna Danner
Human Resources,Juliette Durand (EU)
Human Resources,Peter Guibert (EU)
Human Resources,Christopher Kopetschek (EU)
Human Resources,Marije Korver (EU)
Human Resources,Jennifer Martin
Human Resources,Nicolette Martinez
Human Resources,Melissa Moloney (EU)
Human Resources,Laetitia Planchon (EU)
Human Resources,Lisa Pozarich
Human Resources,Gabriel Ropers (EU)
Human Resources,Erika Sayre-Smith
Human Resources,Michelle Secrest
Human Resources,Daniela Shani
Human Resources,Anne Stengel (EU)
Human Resources,Marianne Tierney (EU)
Human Resources,Sunshine Toledo 
"Global Manager, Organizational Development and Training",Lisa Pearce
Organizational Development and Training,Julie Farbaniec
Organizational Development and Training,Rosie Haubner
"Sr. Manager, Global Staffing and Recruitment",Leonard Grossi Jr.
Recruitment,Kenny Carvalho
Recruitment,Choua Her
Recruitment,Michael Nassar
Recruitment,Sunshine Saint Onge
Recruitment,Aaron Orcino
Recruitment,Sumer Ortiz
Recruitment,Jack Sterling
Recruitment,Kriste Stull
Recruitment,Asheesh Thukral
Vice President of Global Finance ,Mark Almeida
Finance,Andrew Amadi
Finance,Tobias Beclin (EU)
Finance,Julia Bruder (EU)
Finance,Shien Chang
Finance,Jiyoung Chung (KR)
Finance,Jamie Crooks
Finance,Benoit Dufour (EU)
Finance,David Gee
Finance,Jaechang Kim (KR)
Finance,Kidae Kim (KR)
Finance,Sunyoung Ham (KR)
Finance,Mandy Lawton (EU)
Finance,Adam Plushner
Finance,Hong Sing Teh (CN)
Finance,Sergio Vitaliti (EU)
Finance,Ian Wynne
Administration,Heather Foreman
Administration,Carlos Lucero
Administration,Ryan Schenk
Administration,Melinda Williams
General Counsel,Eric Roeder
Legal,Kevin Crook (Global)
Legal,Rod Rigole (Global)
Legal,Jane Chen (CN)
Legal,Antoine Guyard (EU)
Legal,Satoru Hamadam (EU)
Legal,Fritz Kryman
Legal,Eddy Meng (CN)
Legal,James Shaw
Legal,Peter Ty 
Director,Thor Biafore
"Senior Manager, North America",Jason Stilwell
International Manager,Michael Pierce
International Support Leads,Pierre Braude
International Support Leads,Peiji Guo
International Support Leads,Michael Sun
International Support Leads,Ian Ho
Project Management,Michael Su
Project Management,Brian Wright
Project Management,Gary Young
Manager,John Hsieh
Assistant Manager,Kyle Williams
Technical Support Leads,Adam Slack
Technical Support Leads,Andreas Unger
Technical Support Seniors,Jamal Davis
Technical Support Seniors,Anton Hsin
Technical Support Seniors,Adam Koch
Technical Support Seniors,Michael Nguyen
Technical Support Seniors,Friedrich Stegmann
Technical Support Seniors,Mataio Wilson
Representatives,Josh Black
Representatives,Jeff Boccuzzi
Representatives,Nathan Brown
Representatives,Jeff Carlo
Representatives,Sam Carne
Representatives,David Chan
Representatives,Evan Crawford
Representatives,Jon Day
Representatives,Ken DePalo
Representatives,Derek Duhon
Representatives,Claudio Gentilini
Representatives,Dat Ho
Representatives,Katt Jean
Representatives,Philip Kim
Representatives,James Kompare
Representatives,Tom Lillehoff
Representatives,Mike Lim
Representatives,Dan Morningstar
Representatives,Wissam Muhialddin
Representatives,Tommy Newcomer
Representatives,Peter Nott
Representatives,Mike Reardon
Representatives,Chuck Salzman
Representatives,Matthew Simmons
Representatives,Nick Solano
Representatives,Marty Tande
Representatives,Daniel Watson
Manager,Charlie Areson
Assistant Manager,Alan Marti
Billing Leads,Erynn Caldwell
Billing Leads,Matthew Vineyard
Billing Leads,Rory Wood
Billing Seniors,Marcus Bishop
Billing Seniors,J.D. Calzada
Billing Seniors,Lance Kimberlin
Billing Seniors,Tim Maggio
Billing Seniors,Evan Peterson
Billing Seniors,Christian Reynolds
Billing Seniors,Ryan Reddick
Billing Seniors,Jason White
Representatives,Rameses Arias
Representatives,Jessica Barnhart
Representatives,Anne Marie Belland
Representatives,Jon Bias
Representatives,Austin Cornell
Representatives,Jason Crewse
Representatives,Damien Currano
Representatives,Paulino Diaz
Representatives,Dustin Distefano
Representatives,Austin Feeney
Representatives,Danny Flannagan
Representatives,James Garner
Representatives,Leah Garner
Representatives,Denis Genest
Representatives,Mark Hamm
Representatives,William Harber
Representatives,Adam Hector
Representatives,Christina Helbig
Representatives,Michael Horning
Representatives,Jacob Hurst
Representatives,Jami Hurst
Representatives,Mathew Kishimoto
Representatives,Matthew Kuhn
Representatives,Laura Lam
Representatives,Heidi Lindsey
Representatives,Geri Kate Macalino
Representatives,Xuan Mai
Representatives,Gilbert McGuire
Representatives,Aaron Orcino
Representatives,Sheila Perez
Representatives,Andrew Phaneuf
Representatives,Vernon Poling
Representatives,Lance Powell
Representatives,Don Prentice
Representatives,Megan Puertas
Representatives,Regina Ramirez
Representatives,Antonia Ryan
Representatives,Mark Slater
Representatives,John Steinert
Representatives,Chris Swoner
Representatives,Michael Triglia
Representatives,Justin Tritt
Representatives,Colleen Tulley
Representatives,Fabio Ventura
Representatives,Steven Walker
Representatives,Ted Wang
Representatives,Joshua Wittge
Representatives,Amanda Wood
Representatives,Steven Worcester
Representatives,John Zappulla
Senior Manager,Bill Galey
Assistant Managers,Richard Barham
Assistant Managers,James Drosche
Assistant Managers,Keith Duncan
Assistant Managers,Keith Kanneg
Support Leads,Amber Bittenbender
Support Leads,Michael Burghart
Support Leads,Andrew Cox
Support Leads,Raven DeLara
Support Leads,Pat Feinauer
Support Leads,Cory Larson
Support Leads,Justin Liedel
Support Leads,Patrick Lorenz
Support Leads,Marcus Maczynski
Support Leads,Matthew Martin
Support Leads,Makenna Mills
Support Leads,Julio Miranda
Support Leads,Craig Pratt
Support Leads,Nicholas Ray
Support Leads,Kyle Riseling
Support Leads,Dean Shelden
Support Leads,Jason Throop
Support Leads,Ryan Treadwell
Support Leads,Miles Trumble
Support Leads,Alyson Turner
Support Seniors,Spencer Aitken
Support Seniors,Michael Alcorn
Support Seniors,Fred Benson
Support Seniors,Justin Chesser
Support Seniors,Damien Chow
Support Seniors,Andrew Clisson
Support Seniors,Randy Coffman
Support Seniors,Angelo Concepcion
Support Seniors,Jason Copeland
Support Seniors,Hunter Curren
Support Seniors,Joe Currivan
Support Seniors,Justin Davey
Support Seniors,Eric Davis
Support Seniors,Aaron Denton
Support Seniors,Peter Drummond
Support Seniors,Patrick Evans
Support Seniors,Richard Evans
Support Seniors,Thomas Farrell
Support Seniors,Adam Ferguson
Support Seniors,Patrick Fitzgerald
Support Seniors,Theodore Gegoux
Support Seniors,Andrew Glaser
Support Seniors,Luis Gomez
Support Seniors,Aaron Green
Support Seniors,Jacob Hofeldt
Support Seniors,Peter Hsu
Support Seniors,Adam Hughes
Support Seniors,Calleah Kaiser
Support Seniors,Michael Kanneg
Support Seniors,Robert Kezar
Support Seniors,Dylan Kho
Support Seniors,Scott Koller
Support Seniors,Antonio Kontokanis
Support Seniors,Alex Koreneff
Support Seniors,Stephanie Krutsick
Support Seniors,David LaVallee
Support Seniors,Jim Leggat
Support Seniors,Brian Libby
Support Seniors,Jeff Luckman
Support Seniors,Shannon McCartney
Support Seniors,Sean O'Neil
Support Seniors,Sam Park
Support Seniors,Harold Pendery
Support Seniors,Michael Pereira
Support Seniors,Sergio Porres
Support Seniors,Evan Powers
Support Seniors,Bruce Prescott
Support Seniors,Johnathan Raynor
Support Seniors,Richard Romasanta
Support Seniors,Joshua Ruch
Support Seniors,William Shepard
Support Seniors,Darryll Silva
Support Seniors,Michael Srithapin
Support Seniors,Erik Tabor
Support Seniors,David Tamayo
Support Seniors,Ken Tan
Support Seniors,Duane Than
Support Seniors,Aaron Uesugi
Support Seniors,Nicholas Vineyard
Support Seniors,Robert Webb
Support Seniors,Keith Willingham
Support Seniors,Matt Worcester
Support Seniors,Aaron Yasukochi
Support Seniors,James Young
Representatives,Tyler Agee
Representatives,Spencer Aitken
Representatives,Lee Ake
Representatives,Stephen Alvarado
Representatives,Juan Alvarez
Representatives,Neil Anderson
Representatives,Steven Apodaca
Representatives,Michael Archuleta
Representatives,Ramiro Ascencio
Representatives,Michael Aversa
Representatives,Sean Baade
Representatives,George Backus
Representatives,Gregory Bahl
Representatives,Christopher Bailey
Representatives,Andrew Balch
Representatives,Jennifer Balch
Representatives,David Barney
Representatives,Eric Baskin
Representatives,Danai Bastin
Representatives,Ron Beaty
Representatives,Jerimiah Bell
Representatives,Robert Belleville
Representatives,Michael Belrose
Representatives,Kenneth Benedict
Representatives,Knute Berger
Representatives,Michael Bernal
Representatives,Bradley Edmund Bernhard
Representatives,Josh Berryman
Representatives,Nicholas Bialostosky
Representatives,Beau Billingsley
Representatives,Michael Billman
Representatives,Dana Bishop
Representatives,Howard Bishop
Representatives,Aaron Bothne
Representatives,Ben Bowers
Representatives,Keaton Bracy
Representatives,Keith Breach
Representatives,Crystal Breaux
Representatives,Daniel Brennecke
Representatives,Jonathan Brockell
Representatives,Deborah Brooks
Representatives,Christa Buckentin
Representatives,Stephen Buitron
Representatives,Brian Bula
Representatives,Dave Byer
Representatives,David Byl
Representatives,Amanda Canfield
Representatives,Kyle Cannon
Representatives,Trevor Cantrell-Paulson
Representatives,Daniel Carpenter
Representatives,Alan Carr
Representatives,Daniel Carroll
Representatives,Jim Chan
Representatives,Michael Chauvet
Representatives,Brandon Christenson
Representatives,Jeremiah Clark
Representatives,Stephen Clarkson
Representatives,Jeff Clausen
Representatives,Angela Cleere
Representatives,Duncan Coe
Representatives,Michelle Coltrin
Representatives,Ernest Completo
Representatives,Alexander Coons
Representatives,Ethan Copeland
Representatives,Ian Crawford
Representatives,Tyler Crawford
Representatives,Jerod Crespin
Representatives,Nathan Crislip
Representatives,Chris Crowson
Representatives,Brandon Crumpler
Representatives,Hunter Curren
Representatives,Laura Currie
Representatives,Chris Curtis
Representatives,Chris Cynar
Representatives,Kevin Daniels
Representatives,Keven Dannenbring
Representatives,Will Darce
Representatives,Allen Dauphin
Representatives,Gary Davis
Representatives,Joshua Davis
Representatives,Kevin Davis
Representatives,Wesley Day
Representatives,Neil de Soto
Representatives,Brian Deering
Representatives,Sebastian Delascurain
Representatives,Ben Dickey
Representatives,John Diers II
Representatives,Richard Dievendorff
Representatives,Brandon DiMaggio
Representatives,Michael Dinger
Representatives,Kendall Dodd
Representatives,Gene Dodge
Representatives,Raymond Donaldson
Representatives,Forrest Dorsey
Representatives,John Downing
Representatives,Camille DuBose
Representatives,Landry Dugan
Representatives,Reagan Duggan
Representatives,Oana Dumitrache
Representatives,Daniel Dylla
Representatives,Adam Ebmeier
Representatives,German Echeverria
Representatives,Andrew Eddy
Representatives,Jonathan Estes
Representatives,Page Evans
Representatives,Michael Guy Ferguson
Representatives,Joy Fields
Representatives,Kristin Finnsson
Representatives,Jens Fischer
Representatives,David Fisher
Representatives,Matt Fitzgerald
Representatives,Peter Fivelstad
Representatives,Tom Flint
Representatives,Casey Foreman
Representatives,Ryan Foreman
Representatives,Wesley Foults
Representatives,Ryan Fowler
Representatives,Nick Frame
Representatives,Anthony Franey
Representatives,Gerald Freeman
Representatives,Christopher Frew
Representatives,Matthew Frisch
Representatives,Cynthia Frushon
Representatives,Christopher Fulgham
Representatives,Alfred Gabriele
Representatives,Andrew Galipeau
Representatives,Justin Gann
Representatives,Jerardo Garcia
Representatives,Chris Garrett
Representatives,Joseph Garrett
Representatives,Aaron Gayet
Representatives,Andrew Getting
Representatives,Nik Gianozakos
Representatives,Jesse Gibbons
Representatives,Casey Glenn
Representatives,Levi Godwin
Representatives,Jeffrey Gondeck
Representatives,Thomas Goodwin
Representatives,Chris Gorman
Representatives,Darleen Gotay
Representatives,Desmond Gregory
Representatives,Cody Griffith
Representatives,Kimberly Grimes
Representatives,Alexander Gustafson
Representatives,Anthony Gutierrez
Representatives,Daniel Hackel
Representatives,Nick Hamm
Representatives,Daniel Hammer
Representatives,Gregory Hansen
Representatives,Richard Hardy
Representatives,Brian Hartsell
Representatives,Allison Harvey
Representatives,Brandon Harvey
Representatives,Benny Haryadi
Representatives,Kyle Hawkins
Representatives,Shaun Hawkins
Representatives,Christopher Heidick
Representatives,Thomas Hendricks
Representatives,Robert Henson
Representatives,Sara Hernandez-Land
Representatives,Jameson Hodge
Representatives,Chad Hodgson
Representatives,Robert Hoff
Representatives,Sam Holder
Representatives,Sara Holliday
Representatives,David Hoppe
Representatives,John Hosemann
Representatives,Travis Howsman
Representatives,Sam Hunt
Representatives,Nicholas Hunter
Representatives,Craig Hyatt
Representatives,Shaun Ingram
Representatives,Elizabeth Jackson
Representatives,Ruben Jasso
Representatives,Patricia Jennings
Representatives,Barbara Johnson
Representatives,Nathan Johnson
Representatives,Stephanie Johnson
Representatives,Ian Jolly
Representatives,Devin Julia
Representatives,Scott Kane
Representatives,Daniel Kanneg
Representatives,David Keel
Representatives,Matt Kenemore
Representatives,Dylan Kho
Representatives,Grace Kim
Representatives,Lily Kim
Representatives,Michelle Kolano
Representatives,Ruth Kolbeck
Representatives,Markus Kraus
Representatives,Stephanie Krutsick
Representatives,Erica Kuschel
Representatives,Shaun Kuschel
Representatives,Jason Kwon
Representatives,Judson Ladd
Representatives,Jeremy Lambertson
Representatives,Kelly Lanahan
Representatives,John Lanier
Representatives,Paul Lara
Representatives,David LaRocca
Representatives,Amber Larson
Representatives,Robert Laws
Representatives,Ben Lebar
Representatives,Guillermo Ledesma
Representatives,Jeffrey Leonhardt
Representatives,Davis Lidiak
Representatives,David Lim
Representatives,Jeffrey Lim
Representatives,Erik Lindberg
Representatives,Justin Liquorman
Representatives,James Logan
Representatives,Thomas Long
Representatives,Luke Lovett
Representatives,Matthew Lucero
Representatives,Jeanna Lundgren
Representatives,Robert Lundgren
Representatives,Travis Mansbridge
Representatives,Jeremy Marshall
Representatives,Jorge Mata
Representatives,David Maxwell
Representatives,Patricia May
Representatives,Walter Mazza
Representatives,Robert McBride
Representatives,Timothy McBride
Representatives,Daniel McClellan
Representatives,Robert McCollum
Representatives,Luke McCorkle
Representatives,Max McDuffee-Smith
Representatives,Shannon Meadors
Representatives,Ronda Melendez
Representatives,Nicholas Mennen
Representatives,George Merrill
Representatives,Keith Meves
Representatives,Doug Miller
Representatives,James Mills
Representatives,Tony Misgen
Representatives,Adam Moghaddassi
Representatives,Mickey Molad
Representatives,Lloyd Moore
Representatives,Marcos Morin
Representatives,Michael Mumford
Representatives,Shawn Munro
Representatives,Krystine Munshower
Representatives,Mike Munson
Representatives,Kirsten Murchison
Representatives,Julian Murray
Representatives,Steven Nabours
Representatives,Daniel Nagel
Representatives,Patrick Nagel
Representatives,Ramon Navarro
Representatives,Seth Nesenholtz
Representatives,Michael Nichols
Representatives,Russel Nilsson
Representatives,Vicky Nott
Representatives,Audra Oberloh
Representatives,Edward Olivieri
Representatives,Daniel Ortega
Representatives,Aaron Ortiz-Clay
Representatives,Kyle Otsu
Representatives,Zachariah Owens
Representatives,Adem Ozkum
Representatives,Irene Pacheco
Representatives,Andrew Palan
Representatives,John Patenaude
Representatives,Ian Patterson
Representatives,Ryan Peach
Representatives,Aaron Pemberton
Representatives,Rachel Perey
Representatives,Steven Pereyda
Representatives,Erik Perez
Representatives,Jacob Perez
Representatives,Jesse Perez
Representatives,Kristen Pettey
Representatives,Terry Phelps
Representatives,Brian Pierron
Representatives,Anthony Piperato
Representatives,Kaleb Placek
Representatives,Josh Portillo
Representatives,Shaun Potts
Representatives,Chris Presnall
Representatives,Timothy Preston
Representatives,Joshua Proffitt
Representatives,Sean Quinlan
Representatives,Olivia Quintanilla
Representatives,Joseph Ragsdale
Representatives,Jesse Ramazani
Representatives,Ignacio Ramirez
Representatives,Henry Ramos
Representatives,Brandon I Ramsey
Representatives,Christiaan Rascon
Representatives,Kristina Rathburn
Representatives,Rafael Raudry
Representatives,Tyler Raygoza
Representatives,Andrew Rexroth
Representatives,Brad Rhodes
Representatives,John Richardson
Representatives,Joshua Riggs
Representatives,Preston Roberts
Representatives,Stephen Robinson
Representatives,Dustin Rockers
Representatives,Jacob Rodriguez
Representatives,John Rodriguez
Representatives,Kenneth Rogers
Representatives,Derek Ronzo
Representatives,Jordan Rosales
Representatives,Derek Rosenberg
Representatives,Shoshanna Rubin
Representatives,Patrick Rusche
Representatives,Jodie Rutherford
Representatives,Brendan Ryan
Representatives,Michael Sacco
Representatives,Mitchell Saenz
Representatives,Sean Salazar
Representatives,Jason Sampankarnpanich
Representatives,William Sanders
Representatives,Garett Savard
Representatives,Jared Schiller
Representatives,Justin Shade
Representatives,Brandon Shelton
Representatives,Chase Sherman
Representatives,Timothy Shroat
Representatives,Wayne Skarboszewski
Representatives,Woody Skiba
Representatives,Anthony Snow
Representatives,Brian Snyder
Representatives,Shant Soghomonian
Representatives,Robert Spann
Representatives,Matthew Spence
Representatives,Ian Stamatedes
Representatives,John Stapleton
Representatives,Chad Starkey
Representatives,Ryan Steinhoff
Representatives,Jared Stepp
Representatives,Evan Stoudenmire
Representatives,Matt Stratford
Representatives,Dallas Stringham
Representatives,Timothy Tash
Representatives,Victoria Thacker
Representatives,Deana Thiem
Representatives,Jason Thomas
Representatives,Josh Thornton
Representatives,Cliff Threadgold
Representatives,Jonathan Throop
Representatives,Chance Tijerina
Representatives,Jason Torres
Representatives,Jenny Towner
Representatives,Antoine Traylor
Representatives,Michael Trotzuk
Representatives,Jimmy Truong
Representatives,Thomas Van Scyoc
Representatives,Alex Van Winkle
Representatives,Kevin Vanderlaan
Representatives,Richard Varga
Representatives,Christopher Veazey
Representatives,Devin Vink
Representatives,Tim Voris
Representatives,Jeffrey Walent
Representatives,Keri Waller
Representatives,AC Ward
Representatives,David Warner
Representatives,Robert Warner
Representatives,Nicole Watkins
Representatives,Devin Webster
Representatives,Lucas Welch
Representatives,Chris Whitaker
Representatives,Steven Whitaker
Representatives,Tracy Whitehead
Representatives,Daniel Wiley
Representatives,Joseph Willett
Representatives,Aaron Williams-Mayer
Representatives,John Wisnewski
Representatives,Neal Wojahn
Representatives,James Wong
Representatives,Adam Wright
Representatives,Justin Yandell
Representatives,Nicole Yandell
Representatives,Eric Yasukochi
Representatives,Mary Yellott
Representatives,Kea Yonni
Representatives,Amber Young
Representatives,James Young
Representatives,Kacey Yucikas
Representatives,David Zemek
Representatives,Adam Zweig
Manager,Joshua Horst
Assistant Manager,Ryan Quinn
QC Lead,Aaron Bamblett
QC Training Lead,Richard Eggleston
QC Seniors,Kara Amendola
QC Seniors,Dustin Bosteder
QC Seniors,Scott Busbea
QC Seniors,Jeremy Chasey
QC Seniors,Tom Edwards
QC Seniors,Lyndsi Revis
Representatives,Amit Bader
Representatives,Bonnye Bauerle
Representatives,Ryan Belanger
Representatives,Matt Burns
Representatives,Adrian Butts
Representatives,Jhazmin Carnes
Representatives,Chris Cavallo
Representatives,Blake Chafin
Representatives,Brandy Corbin
Representatives,Peter DeSalvo
Representatives,Leann Evans
Representatives,Tim Evans
Representatives,Manuel Gonzales
Representatives,Keith Hall
Representatives,Jacqueline Harrison
Representatives,Heather Holloway
Representatives,Kelli Johnson
Representatives,Kevin Johnson
Representatives,Gavin Jurgen-Fyhrie
Representatives,Neal Kochhar
Representatives,Darlene Kolano
Representatives,Seth Lindner
Representatives,Jon Loeffler
Representatives,Michael Lukenbill
Representatives,Matthew McKee
Representatives,Chung Ng
Representatives,Shawn No
Representatives,Ari Nur
Representatives,Bryan Nystul
Representatives,Chelsea Olson
Representatives,Lauren Ortiz
Representatives,Matthew Rader
Representatives,Jessica Ramirez
Representatives,Victoria Rayno
Representatives,David Richards
Representatives,Mary Sides
Representatives,Nicholas Smith
Representatives,Pete Staley
Representatives,Melissa Ullrich
Representatives,Dustin Vail
Representatives,Tanya Wall
Representatives,Randall Ward
Representatives,Thomas Watson
Representatives,Nathan Wee
Representatives,Benjamin Williams
Director,Frederic Menou
Technical and Billing Support Manager,Marie-H&#233;l&#232;ne Atienz
Ireland Site Manager,Robert Ashby
Coordinator,Marl&#232;ne Cervantes
Back Office Manager,Ernst ten Bosch
Documentation team,Serge Olivier
Documentation team,Michael Stum
Documentation team,Martin Tegner 
Techical Support Lead,Cedryck Poitelon
Technical Support Seniors,Claus Schumacher
Technical Support Seniors,Aidan Mc Loughlin
Technical Support Seniors,Alexandre Vallee 
Representatives,Christoph Grix
Representatives,Mark Klang
Representatives,Lars Kuhne
Representatives,Holger Speckter
Representatives,Ryan Campbell
Representatives,Alisdair Comb
Representatives,Barry Connell
Representatives,Mario De Rienzo
Representatives,Michael Graham
Representatives,Kenneth Graulund
Representatives,Michael Pinder
Representatives,Andrew Robson
Representatives,Richard Segers
Representatives,Oyvind Sorensen
Representatives,Jenifer Winters
Representatives,Hernan Gonzalez
Representatives,Alexander Mochi
Representatives,Eric De Freslon
Representatives,Fran&#231;ois Medaerts
Representatives,Vincent Moitrot
Representatives,Aymeric Pentecouteau
Representatives,Alexis Terrasse
Representatives,Julien Vale
Representatives,Ian Polianskii
Billing Lead,Johnny Ahlgren
Billing Seniors,Alexander Berghoff
Billing Seniors,Sanja Peric
Billing Seniors,Ana Manso
Billing Seniors,Matteo Spataro
Billing Seniors,Neil Whelan
Billing Seniors,Gregoire Bonnafoux 
Representatives,Franck Alshut
Representatives,Tim Denke
Representatives,Carolin Dittman
Representatives,Christian Eberhardt
Representatives,Frances Fobke
Representatives,Waldemar Fritz
Representatives,Bandar Garski
Representatives,Alexander Gut
Representatives,Frank Heling
Representatives,Brenika Janiszewski
Representatives,Markus Kaldenbach
Representatives,Konrad Kirchgassner
Representatives,Jens Kirchhoff
Representatives,Christian Konigstein
Representatives,Sascha Leopold
Representatives,Andr&#233; Linnemann
Representatives,Maria Loy
Representatives,Geir Mjosund
Representatives,Francesco Reinboldt
Representatives,Volker Stabler
Representatives,Stephan Wolf
Representatives,Judith Zachariae
Representatives,Sandra Milena Alarcon Ruiz
Representatives,Julia Bedell
Representatives,Tina Crook
Representatives,Noemi Cugudda
Representatives,Julie Foster
Representatives,Laura Godfrey
Representatives,Nicolas Harding
Representatives,Kathryn Hyder
Representatives,Joanne Ingham
Representatives,Matthijs Jansen
Representatives,Laila Mnad
Representatives,Christopher Purvis
Representatives,Thomas Schoeneburg
Representatives,Sanjay Shinh
Representatives,Charles Smith
Representatives,Kurt Smith
Representatives,Vinh Tran
Representatives,Maria Victoria Martin Briasco
Representatives,Francisco Sanchez Campos
Representatives,Pierre Marc Arnaud
Representatives,Olivier Grassini
Representatives,Timur Kocaurlu
Representatives,Ludivine Le Rouge
Representatives,Christophe Monteiro
Representatives,David Remy Zephir
Representatives,Hadrien Rudich
Representatives,Arnaud Schwarz
Representatives,Isma&#235;l Villeger
Representatives,Romain Mardot
Account Services Lead,Thomas Lenglet
Account Services Seniors,Paul Oltmanns
Account Services Seniors,Marios Aziz
Account Services Seniors,Carine Fiorani
Account Services Seniors,Guillaume Richard
Account Services Seniors,Britta Riess
Managers,Rinaldo Andreolli
Managers,Emmanuel Obert
Managers,Christian Scharling
Leads,Erin Johanson
Leads,Gaetan Martens
Leads,Frank Keienburg
Leads,Philip Thiede
Leads,Sophie Bellegarde
Leads,Cedric Gallins
Leads,Peter Rothlisberger
Leads,Linus Fink
Leads,Jason Adams
Leads,Hansj&#246;rg Brandt
Leads,Clemens Krainer
Leads,Mikhail Shiryaev
Seniors,Kasper Giehm
Seniors,Kim Jensen
Seniors,Neal Kingston
Seniors,Jean-Christophe Bouchet
Seniors,Ronnie Hansson
Seniors,Gurpreet Wahla
Seniors,Alexander Bradburn
Seniors,Fredrik Svantes
Seniors,Rob Kuczynski
Seniors,Steven Dwyer
Seniors,Ben Noskeau
Seniors,Sylvan Lynn
Seniors,Cristiano Pereira
Seniors,Huw Gower
Seniors,Paul Horrel
Seniors,Thomas Hemingway
Seniors,Iwan De Kleine
Seniors,Sverre Rasmussen
Seniors,Emma Lorking
Seniors,Thommy Jerneskorg
Seniors,Alexander Becker
Seniors,Lucas Christophe
Seniors,Silvio Clausen
Seniors,Dennis Czybulka
Seniors,G&#246;ran Gauruder
Seniors,Florian Mentl
Seniors,Alexander Otto
Seniors,Elisabeth Astl
Seniors,Henning Kaiser
Seniors,Mirko Bayer
Seniors,Florian Bl&#228;sche
Seniors,Lars Weiler
Seniors,Thomas R&#246;themeyer
Seniors,Heidi Wanner
Seniors,Mario Berndt
Seniors,Falk Schwiefert
Seniors,Sascha Giese
Seniors,Markus Schill
Seniors,Robin H&#246;se
Seniors,Navid Akbari
Seniors,Andreas Liebau
Seniors,Kim Chaing
Seniors,Ga&#235;l Company
Seniors,Vincent Kaufmann
Seniors,Elodie Choliere
Seniors,Sebastien Hoareau
Seniors,Serge Pincon
Seniors,Nicolas Passemard
Seniors,Fr&#233;d&#233;ric Rochet
Seniors,Miguel Izquierdo
Seniors,Sergi Berjano 
Seniors,Isidro Tellez 
GERMAN,Marco Alemanno
GERMAN,Stefan Bahr
GERMAN,Bj&#246;rn Bartholome
GERMAN,Gregor Beck
GERMAN,Sebastian Beer
GERMAN,Julius Beiner
GERMAN,Jens Bekemeier
GERMAN,Benjamin Bergh&#228;user
GERMAN,Christian Berwind
GERMAN,Michael Blumenthal
GERMAN,Stefan B&#246;hme
GERMAN,Patrick Bohrer
GERMAN,Dirk B&#246;melburg
GERMAN,Bianca Braun
GERMAN,Daniel Brockdorff
GERMAN,Daniel Bromand
GERMAN,Anton Brumme
GERMAN,Matthias Butter
GERMAN,Mads Carstens
GERMAN,Stefan Christ
GERMAN,Martin Dammers
GERMAN,Oliver Danckers
GERMAN,Patrick Dekoepper
GERMAN,Christian D&#246;bel
GERMAN,Martin Doll
GERMAN,Dennis Drabinski
GERMAN,Stefan Duffner-Hansmann
GERMAN,Alexander D&#252;sseldorf
GERMAN,JanKonrad Ebermann
GERMAN,Bj&#246;rn Ebner
GERMAN,Stephan Einecke
GERMAN,Thomas-Christian Endres
GERMAN,Jens Fehr
GERMAN,J&#246;rg Franck
GERMAN,Kai Frankenberg
GERMAN,Martin Franz
GERMAN,Eva-Maria Fritsche
GERMAN,Jens F&#252;nfkirchler
GERMAN,Mathias Gabel
GERMAN,Krystian Gawron
GERMAN,Silvio Geisenhainer
GERMAN,Sonja G&#246;den
GERMAN,Marco Gol&#252;ke
GERMAN,Christopher G&#246;ttfert
GERMAN,Lorenz Graf
GERMAN,Robin Graf
GERMAN,Markus Graffe
GERMAN,Frerk G&#252;ntzler
GERMAN,Steffen Gutzeit
GERMAN,AndrewGordon Haefs
GERMAN,Tobias H&#228;nseler
GERMAN,Patrick Happel
GERMAN,Marc Hartmann
GERMAN,Alexander Haselbacherm
GERMAN,Marcel Haug
GERMAN,Roman H&#228;usler
GERMAN,Sandra Heide
GERMAN,Christian Heidrich
GERMAN,Eugen Heller
GERMAN,Johannes Hilgert
GERMAN,Nicolas Hodapp
GERMAN,Michael Hoffmann
GERMAN,Julia Hopf
GERMAN,Dennis Horn
GERMAN,Martin Jagla
GERMAN,JanMichael Jahnke
GERMAN,Markus Jorissen
GERMAN,Sven Jost
GERMAN,Marc Jung
GERMAN,Matthias Kiesel
GERMAN,Markus Kintrup
GERMAN,S&#246;ren Klein
GERMAN,Harald Kneissl
GERMAN,Matthias Koch
GERMAN,Sonja K&#246;ck
GERMAN,Sebastian Kolodzik
GERMAN,Viktor K&#246;nig
GERMAN,Albert Konrad
GERMAN,Stefan Krannich
GERMAN,Max Kreisel
GERMAN,Christian Kr&#246;ger
GERMAN,Nina Kroner
GERMAN,Sven Kruse
GERMAN,Thomas K&#252;ppers
GERMAN,Matthias Labitzke
GERMAN,Rene Langhans
GERMAN,Gordon Lathan
GERMAN,Tim Laufenberg
GERMAN,Johannes L&#228;uffer
GERMAN,Martin Leipold
GERMAN,Wilko Lennartz
GERMAN,Torsten Lill
GERMAN,Bj&#246;rn L&#246;hrer
GERMAN,Oliver L&#246;tscher
GERMAN,Michael Lueth
GERMAN,Mike L&#252;tjens
GERMAN,Marc Luttecke
GERMAN,Sebastian Magnus
GERMAN,Gaetan Mahon
GERMAN,Marco Manig
GERMAN,Bernhard Mann
GERMAN,Stephan Marek
GERMAN,Thomas Marquardt
GERMAN,Steve Martens
GERMAN,Thomas Marx
GERMAN,Nils Matern
GERMAN,Paul Mazu
GERMAN,Kathrin McCain
GERMAN,Christian Meinert
GERMAN,Florian Meister
GERMAN,Julia Mertens
GERMAN,Patrick Metzger
GERMAN,Caspar Michel
GERMAN,Stefan Mond
GERMAN,Frank M&#252;ller
GERMAN,Moritz M&#252;ller
GERMAN,David Navarro
GERMAN,Filip Nogowski
GERMAN,Cornelia Nolte
GERMAN,Sebastian Oldenettel
GERMAN,Sebastian Oliva
GERMAN,Mathias Ortner
GERMAN,Bj&#246;rn Passow
GERMAN,Raik Patze
GERMAN,Mathias Pelz
GERMAN,Stefan-Marcus Peter
GERMAN,Mike Piepenstock
GERMAN,Harald Prem
GERMAN,Patrick Pulfer
GERMAN,Michael Radnitz
GERMAN,Daniel Radschun
GERMAN,Fabian Rauch
GERMAN,Sandra Raum
GERMAN,Alexander Redeker
GERMAN,Steffen Reinke
GERMAN,Gerd Ridder
GERMAN,Christian Riegger
GERMAN,Henning Roese
GERMAN,Frank Roesel
GERMAN,Andreas Rohr
GERMAN,Frank Rolle
GERMAN,Nico Roos
GERMAN,Sebastian Roth
GERMAN,Wolfram Sack
GERMAN,Carsten Schedding
GERMAN,Esther Scheeren
GERMAN,Christian Schilling
GERMAN,David Schlamp
GERMAN,Andre Schlegelmilch
GERMAN,Christopher Schmale
GERMAN,Dirk Schmid
GERMAN,Torsten Schmidt
GERMAN,Sascha Schneider
GERMAN,Marcus Schoeberl
GERMAN,Fabian Schrader
GERMAN,Frank Schulze
GERMAN,Christopher Simonis
GERMAN,Victoria Spanier
GERMAN,Andreas Stiebert
GERMAN,Patric Stolpe
GERMAN,Artur Strak
GERMAN,David Strammerjohann
GERMAN,Jochen Stutzkeitz
GERMAN,Sascha Szopko
GERMAN,Janina Taab
GERMAN,Doris Tatzgern
GERMAN,Christian Traute
GERMAN,Marco Vogt
GERMAN,Marion Wacker
GERMAN,Benny Waldenmaier
GERMAN,Marion Wei&#223;enborn
GERMAN,Olaf Wendorff
GERMAN,Sandra Wernicke
GERMAN,Peter Wetzel
GERMAN,Dennis Wollmann
GERMAN,Hagen Zawany
GERMAN,Steffen Zietz
GERMAN,Thomas Zimmer
GERMAN,Christian Zirpner
ENGLISH,Krister Aavikko
ENGLISH,Aleski Airaksinen
ENGLISH,Per Antonsson
ENGLISH,Roland Ayliffe
ENGLISH,Sjir Bagmeijer
ENGLISH,David Baines
ENGLISH,Alex Bebbington
ENGLISH,Kevin Blanche
ENGLISH,Robert Bland
ENGLISH,Nick Blokker
ENGLISH,Thomas Boertien
ENGLISH,Sigurd Bengtson Borge
ENGLISH,Khristopher Boulton
ENGLISH,Mei Frank Buckle
ENGLISH,David Burlinson
ENGLISH,Allan Campbell
ENGLISH,David Chadwick
ENGLISH,Martin Anthony Colling
ENGLISH,Jason Courtney
ENGLISH,Robert Dale
ENGLISH,Patrick Deschamps
ENGLISH,Barry Downs
ENGLISH,Patrick Dunford
ENGLISH,Barry Ellis
ENGLISH,Keith Ennis
ENGLISH,Christopher Fawcett
ENGLISH,Paul Finn
ENGLISH,Doug Fitchett
ENGLISH,Jamie Alexander Foreman
ENGLISH,Wayne Freer
ENGLISH,Jay Greenham
ENGLISH,Christian Guest
ENGLISH,Paul Halliwell
ENGLISH,Sanna Hanskala
ENGLISH,Henrik Hedstrom
ENGLISH,Kjell Arvid Helgeneseth
ENGLISH,Robin High
ENGLISH,Iqbal Hussain
ENGLISH,Lars Peter Lohm Jensen
ENGLISH,Craig Andrew Jobling
ENGLISH,Robin Johansson
ENGLISH,Aled Jones
ENGLISH,Devon Robert Kelly
ENGLISH,Claude Keogh
ENGLISH,Michael Khoo
ENGLISH,Alexander James Klontzas
ENGLISH,Kristian Koivisto Kokko
ENGLISH,Johan Kooijman
ENGLISH,Maarten Alexand Kuijpers
ENGLISH,Martin Langsted
ENGLISH,Pelle Lingsell
ENGLISH,Bruno Loncke
ENGLISH,Jonathan Lydall
ENGLISH,Konstantinos Markogiannakis
ENGLISH,Robert Mathews
ENGLISH,Christopher Mathieson
ENGLISH,Christopher Mc Hale
ENGLISH,Richard Mc Keon
ENGLISH,Carl Mc Neill
ENGLISH,Edward Mcdonald
ENGLISH,Douglas Midgley
ENGLISH,Stefan Modh
ENGLISH,Oliver Moore
ENGLISH,Olivier Mouvet
ENGLISH,Graham Murphy
ENGLISH,Matthew Neumann
ENGLISH,Katharina Nord
ENGLISH,Olli Oja
ENGLISH,Simon Parment
ENGLISH,Steven Paton
ENGLISH,Michael Arleth Pedersen
ENGLISH,George Penman
ENGLISH,Graeme Rafferty
ENGLISH,David Ribeiro
ENGLISH,Jonathan Robinson
ENGLISH,Henrique Rodrigues
ENGLISH,Henning Roest
ENGLISH,Sanu Satheesababu
ENGLISH,Wouter Schrijnemakers
ENGLISH,Siri Ellefsen Selvnes
ENGLISH,Craig Shrewsbury
ENGLISH,Kenneth Standbridge
ENGLISH,Stephen Stanley
ENGLISH,Alexander Lione Stark
ENGLISH,Patrik Svantes
ENGLISH,Mads Taanquist
ENGLISH,Stephen Tadman
ENGLISH,Jason Teixeira Babo
ENGLISH,Joseph Toaff
ENGLISH,Oskari Turkia
ENGLISH,Craig Turner
ENGLISH,Christopher Twite
ENGLISH,Liam Andrew Tye
ENGLISH,Anders Valum
ENGLISH,Marijke Vanhees
ENGLISH,Martin Gunderse Vea
ENGLISH,Leo Wakelin
ENGLISH,Gijs Johan Maur Waverijn
ENGLISH,Ben Werbner
ENGLISH,Andrew John Whitmarsh
ENGLISH,James Whittall
ENGLISH,Klaus Wichmand
ENGLISH,Christopher Woodcock
ENGLISH,Monty Yeates
ENGLISH,Emma Stott
ENGLISH,Leonie McKewan
ENGLISH,Jonathan Horrocks
ENGLISH,Michael Lenton
ENGLISH,Mark Furniss
ENGLISH,Craig Bland
ENGLISH,Jay Xealous
ENGLISH,Andrew Priestnall
ENGLISH,Colin McShane
ENGLISH,Michael Seppala
ENGLISH,Daniel Mooney
ENGLISH,Victor Sefastsson
ENGLISH,Marc Behar
ENGLISH,Dean Lillywhite
ENGLISH,Nils Odlund
ENGLISH,John Petersen
ENGLISH,Kevin O'Regan
ENGLISH,Martin Mason
ENGLISH,Kenneth Mellamphy
ENGLISH,Alanna Quigley
ENGLISH,Gareth Barry
ENGLISH,Jonathan Douglas
ENGLISH,Daniel Ryan
ENGLISH,Emil Jannesson
ENGLISH,Jonathan Hall
ENGLISH,Nicola Creedon
ENGLISH,Cian Creed-Healy
ENGLISH,Keith Barron
ENGLISH,Robert Allan
ENGLISH,Nils Berggren
ENGLISH,Keith Boardman
ENGLISH,Stephan Cosgrove
ENGLISH,Des Gordon
ENGLISH,Kieran Hayes
ENGLISH,Michael Heffernan
ENGLISH,Adam Lloyd
ENGLISH,Richard Bennett
ENGLISH,Henry Davis
ENGLISH,Henrik Eriksson
ENGLISH,David Hollingbery
ENGLISH,Robert Holloway
ENGLISH,David Horrocks
ENGLISH,Matthew Jones
ENGLISH,Adam Morris
ENGLISH,Gareth Roberts
ENGLISH,Diogo Silva
ENGLISH,Richard Nicholls
ENGLISH,Nicolaj Adriansen
ENGLISH,Richard Bartram
ENGLISH,Nicola Booyens
ENGLISH,Jennifer Brett
ENGLISH,Ian Coleman
ENGLISH,Paul Cox
ENGLISH,Philip Doogan
ENGLISH,Soren Kirkager
ENGLISH,Mark Stanners
ENGLISH,Wayne Armstrong
ENGLISH,Victoria Bennett-Keenan
ENGLISH,Lukasz Bialk
ENGLISH,Andrea Birkhahn
ENGLISH,Victor Borjesson
ENGLISH,Sarah Brady
ENGLISH,Jason Devine
ENGLISH,Ilona Dolejsi
ENGLISH,Gareth Donaghey
ENGLISH,Ben Hellis
ENGLISH,Guus Hoogendoorn
ENGLISH,Daniel Johnson
ENGLISH,Istvan Kakasi
ENGLISH,Anton Karanov
ENGLISH,Philip Kerins
ENGLISH,Mariusz Leszczynski
ENGLISH,Sean Lyons
ENGLISH,Martin Machovec
ENGLISH,David Malach
ENGLISH,David McGrath
ENGLISH,Alan McNevin
ENGLISH,Alastair Morris
ENGLISH,Kevin O'Brien
ENGLISH,Paul O'Neill
ENGLISH,Conor O'Shea
ENGLISH,Pierre Passet
ENGLISH,Michael Pepper
ENGLISH,Austin Purcell
ENGLISH,Sebastian Ranta
ENGLISH,Wesley Smith
ENGLISH,Amy Taylor
ENGLISH,Wendy Yang
ENGLISH,Pawel Zukowski
ENGLISH,Adam Lee
ENGLISH,John Warwicker
ENGLISH,Jeffrey Bridges
ENGLISH,Christian Arvidsson
ENGLISH,Kim Frandsen
ENGLISH,Andrew Meaney
ENGLISH,Cian Yates
ENGLISH,Stephen O'Donnell
ENGLISH,Peter Hadaszi
ENGLISH,Rachel James
ENGLISH,Cheryl Hoggins
ENGLISH,Peter Mc Donald
ENGLISH,David Rowell
ENGLISH,Barry Hayles
ENGLISH,Robin Blackborow
ENGLISH,Ben Haywood
ENGLISH,Cornelia Nolte
ENGLISH,Stefan Mark
ENGLISH,Oliver Lockyer
ENGLISH,Sandor Dobsa
ENGLISH,Denis Walsh
ENGLISH,Brendan Cavanagh
SPANISH,Alvaro Aguilar Tormo
SPANISH,Ricardo Aranguren Gassis
SPANISH,David Church Rodriguez
SPANISH,Juan Jos&#233; De La Torre
SPANISH,Miguel Garcia Gomez
SPANISH,Angel Martin Ayuso
SPANISH,Inigo Moleres Apilluelo
SPANISH,Pedro Moreno Garcia
SPANISH,Raul Romero Fuentes
SPANISH,Isaac Sanchez
SPANISH,Maria Dolors Sanchez Carnice
SPANISH,Yolanda Serrano Llamas
SPANISH,Anna Sort Gonzalez
SPANISH,Marc Tormo Carulla
SPANISH,Enrique Gonzales de Vallejo
SPANISH,Jose Javier Suarez Perdomo
SPANISH,Diego Valero Suarez
FRENCH,Karim Adala
FRENCH,Olivier Mouvet
FRENCH,Magalie Blaizot
FRENCH,Micka&#235;l Bohin
FRENCH,Aur&#233;lien Bovis
FRENCH,Soufyane Brahimi
FRENCH,Juan Caria
FRENCH,C&#233;dric Coret
FRENCH,Ugo Croci
FRENCH,Alexandre Duckman Lebrun
FRENCH,Gilles Durosay
FRENCH,C&#233;line Guise
FRENCH,Guillaume Jegu
FRENCH,Pascaline Jibert
FRENCH,Fr&#233;d&#233;ric Kubiakowski
FRENCH,Mathieu Laugle
FRENCH,Mathieu Laurent
FRENCH,R&#233;mi Le Thery
FRENCH,Bastien Lebourg
FRENCH,Xavier Lepage
FRENCH,Julien Litrico
FRENCH,Christel Malbrancq
FRENCH,Olivier Martel
FRENCH,Jessica Milleville
FRENCH,Bonna Mom
FRENCH,Pierre Nicolas Moreau
FRENCH,S&#233;bastien Musquin
FRENCH,Mathieu Orjebin
FRENCH,Antoine Pezzo
FRENCH,Jean-Louis Phan Tran
FRENCH,Julien Pillay
FRENCH,Josfred Poinsot
FRENCH,Philippe Prince
FRENCH,Nicolas Pruvost
FRENCH,S&#233;bastien Pusset
FRENCH,Berenger Queune
FRENCH,Sandra Ragot
FRENCH,C&#233;drik Razafimamantsoa
FRENCH,Richard Robinson
FRENCH,Aliocha Segard
FRENCH,Audrey Selnet
FRENCH,Gens&#233;ric Sohier
FRENCH,Isabelle Soupault
FRENCH,Fr&#233;d&#233;ric Tabard
FRENCH,Fran&#231;ois Trani
FRENCH,Cyndie Varin
FRENCH,Audrey Wozniak
FRENCH,Romain Wuillaume
FRENCH,Vincent Zaccheo
FRENCH,Julien Benatar
FRENCH,Romain Joffre
FRENCH,Erwan Bargain
FRENCH,Lucien Bui
FRENCH,Maxime Berjot
FRENCH,Vincent Mesnard
FRENCH,Philippe Motheron
FRENCH,Maxime Ledonge
FRENCH,Louis Vincent
FRENCH,Gr&#233;gory Garcia
FRENCH,Brice Russeil
FRENCH,St&#233;phane Lam
FRENCH,Umberto Lopes
FRENCH,Robin Berquet
FRENCH,Guillaume Lachambre
FRENCH,Blandine Pronost
FRENCH,Marianne Pilote
FRENCH,Jaoued Karim
FRENCH,Jeremy Jacquemin
FRENCH,Fran&#231;ois Pinturault
FRENCH,Yoann Gonedec
FRENCH,C&#233;line Choliere
QC Lead,Stefan Mai
QC Seniors,Antonio Achuccaro
QC Seniors,Andrea Della Noce
QC Seniors,Patrick Knoll
Representatives,Marco Baier
Representatives,Heiko Dieregsweiler
Representatives,Lena Drevermann
Representatives,Stefan Frei 
Representatives,Christoph Gembe
Representatives,Bernd Gottsmann
Representatives,Oliver Kurth
Representatives,Oliver Lorek
Representatives,Philippe Miguet
Representatives,Sebastian Mottschall
Representatives,Michael Pauli
Representatives,Michael Pietrucha
Representatives,Christoph Thann
Representatives,Ashok Viswanathan
Representatives,Carl Bone
Representatives,Miguel Budesca Dykes
Representatives,Jonathan Hankey
Representatives,Dean Jones
Representatives,Jih&#232;ne Khessouma
Representatives,Benjamin Klinkhamer
Representatives,Fredrik Kurki
Representatives,Alexander Mc Hugh
Representatives,Bo Mejdahl
Representatives,Alexander Ion Naya Sanchez
Representatives,Andrea Opimitti 
Representatives,John Pombo
Representatives,Hansa Sawami
Representatives,Allan Stellakis
Representatives,Stuart White
Representatives,Cristian Martin Nieto
Representatives,R&#233;mi Aumeunier 
Representatives,Elodie Bastide
Representatives,Jean Christophe Berger
Representatives,Thibaud Bertin
Representatives,Laurent Cuvier
Representatives,C&#233;dric David
Representatives,Pietro Gobbato
Representatives,Pascale Roncin
Representatives,Bartosz Posluszny
Representatives,James O’Connor
Representatives,Andrew Naudi
Representatives,Wouter Van Der Veen
AA Agents,Anne Bargemann
AA Agents,Michael Broek
AA Agents,Raul Burgos Mayer
AA Agents,Robert Busch
AA Agents,Tobias Franke
AA Agents,Anselm Hempel
AA Agents,Georg Hirschauer
AA Agents,Mario Janus
AA Agents,Malte Maehlmann
AA Agents,Marcus Ryndycz
AA Agents,Andre Schickhoff
AA Agents,Michael Schneider
AA Agents,Christian Sperber
AA Agents,Lukas Wozniak
AA Agents,Neil Banks
AA Agents,Ben Corbey
AA Agents,Tom Ellis
AA Agents,Eirik Fjeldal
AA Agents,Stephen Grantham
AA Agents,Robert Groeneveld
AA Agents,Amanda Kate Harris
AA Agents,Lucy Hindson
AA Agents,Ruben Holen
AA Agents,Jon Kenny
AA Agents,Douglas Liljekvist
AA Agents,Niklas Lingsell
AA Agents,Hannah Mcarthur
AA Agents,Lee Middleton
AA Agents,Vincent Moulin
AA Agents,Barry Murphy
AA Agents,Minh Nhat Nguyen
AA Agents,Goran Parnen
AA Agents,David Potter
AA Agents,Tommy Sabri
AA Agents,Andy Salwey
AA Agents,Patrick Andr&#233; Seidler
AA Agents,Stian Skjondal
AA Agents,Sebastiaan Van Doornspeek
AA Agents,Ryan Vowler
AA Agents,Thomas Chartrain
AA Agents,Lucia Suarez Porta
AA Agents,Arnaud Ameele
AA Agents,William Bezou
AA Agents,Jean-Claude Cipriani
AA Agents,Denis Courtin
AA Agents,John Harry De Lara
AA Agents,Sylvain Enjalbert
AA Agents,C&#233;line Etcheberry
AA Agents,Antoine Guyard
AA Agents,Graziella Marie
AA Agents,Gr&#233;gory Sevin
Director,Richard Choi
Manager,Jaeyang Kwak
Technical Support Seniors,Sungjoon Lee
Representatives,Seungho Kim
Representatives,Yunbai Kim
Representatives,Hyungjun Kim
Representatives,Joohong Pan
Representatives,Jaeyong Choi
Manager,Yoonhee Kim
Billing Leads,Kyungmee Kim
Billing Leads,Jihyun Song
Billing Leads,Jiyoung Kim
Billing Seniors,Eunbom Park
Billing Seniors,Sehwa An
Billing Seniors,Jinsu Lee
Representatives,Jihye Yun
Representatives,Kyunghwa Yu
Representatives,Jungran Lee
Representatives,Min Yang
Representatives,Dongho Chang
Representatives,Jina Baek
Representatives,Cholong Han
Representatives,Hyoju Gou
Representatives,Yunho Bae
Manager,Beom Choi
Support Leads,Wonjong Lee
Support Leads,Young Namgoong
Support Leads,Jinman Park
Support Leads,Jungwoo Kim
Support Leads,Hyunsin “Durty” Lim
Support Seniors,Joonbin Lee
Support Seniors,Seonmean Kim
Support Seniors,Changhoon Lee
Support Seniors,Jaewon Lim
Support Seniors,Hyojin Kim
Support Seniors,Jungjun Lee
Support Seniors,Jaiki Song
Support Seniors,Jungmin Song
Support Seniors,Byungkwan Chung
Support Seniors,Aungoun Lee
Support Seniors,Sungho Eom
Support Seniors,Jaekwang Han
Support Seniors,Kyunghyo Kim
Support Seniors,Eunjung Lee
Support Seniors,Jaehyun Ahn
Support Seniors,Wonjae Jeong
Representatives,Yoojin Yang
Representatives,Jiyoun Lee
Representatives,Woonki Cho
Representatives,Geobo Shim
Representatives,Sookhee Bae
Representatives,Jinsuk Park
Representatives,Myoungjin Kim
Representatives,Eunsun Hong
Representatives,Bora Park
Representatives,Suhyun Kim
Representatives,Bogyu Kim
Representatives,Seunghoon Baeg
Representatives,Woosung Lee
Representatives,Sinhee Kim
Representatives,Seoyeon Kim
Representatives,Byoungjin Lim
Representatives,Seolhee Cho
Representatives,Yeri Cho
Representatives,Inkyoung Sim
Representatives,Kyunghee Lee
Representatives,Hyojin An
Representatives,Seungsoo Kim
Representatives,Jungho Han
Representatives,Junghun Kwag
Representatives,Soo Lee
Representatives,Sejin Choi
Representatives,Sunmin Lim
Representatives,Juhee Seo
Representatives,Youngki Kim
Representatives,Changhyun An
Representatives,Sukil Jo
Representatives,Kyueun Lee
Representatives,Eunkyung Jang
Representatives,Jeongho Kook
Representatives,Kyungmin Lee
Representatives,Youngjin Park
Representatives,Deokhoi Kim
Representatives,Chulho Chang
Representatives,Sooil Kim
Representatives,Namsuk Kim
Representatives,Sowon Lee
Representatives,Sungpyo Hong
Representatives,Junghyun Lee
Representatives,Sujhon Jhong
Representatives,Jihye Lee
Representatives,Sungju Yu
Representatives,Doyeon Kim
Representatives,Jaehui Kim
Representatives,Kyungtae Myung
Representatives,Hyunbum Lim
Representatives,Hyeyoung Jung
Representatives,Boram Lee
Representatives,Dohyun Lee
Representatives,Insik Lee
Representatives,Hyosung Kim
Representatives,Doohyun Bae
Representatives,Jaeeun Lee
Representatives,Hosang Yu
Representatives,Jisub Han
Representatives,Jongwon Park
Representatives,Moonyoung Baik
Representatives,Soohye Lee
Representatives,Kihoon Yang
Representatives,Jaegoo moon
Representatives,Jungyi Roh
Representatives,Sojung Lee
Representatives,Seunghyuk Lee
Representatives,Chungseok Han
Representatives,Youngnan Park
Representatives,Yongteak Im
Representatives,Hyekyung Lee
Representatives,Kyoungjoon Kim
Representatives,Minkyu Park
Representatives,Minkyung Cho
Representatives,Jimin Kwon
Representatives,Hwajun Song
Representatives,Kwansoon Hwang
Representatives,Yangrae Kim
Representatives,Yoora Oh
Lead,Yongjo Choi
Training Lead,Jaehong “Big J” Jeong
Training Seniors,Keunjeong You
Training Seniors,Hyeyoung Park
Training Seniors,Jinsun Park
Representatives,Sumi Jeong
Representatives,Chuljo Yun
Representatives,Inchaul Bae
Representatives,Wonjang Cho
Representatives,Mihyun Kim
Representatives,Yunsil Choi
Representatives,Hana Lee
Representatives,Myeonghun Choi
Representatives,Mike Morhaime
Chief Operating Officer,Paul Sams
"Executive Vice President, Game Design",Rob Pardo
"Vice President and Executive Managing Director, International Operations",Michael Ryder 
Director of Special Projects,Hamilton Chu 
